action;email;dt
CREATE;spanfilov@hotmail.com;2024-09-27
UPDATE;qbobilev@mail.ru;2024-09-28
CREATE;emiheeva@rambler.ru;2024-09-25
READ;gennadimolchanov@yandex.ru;2024-09-26
DELETE;demid_13@hotmail.com;2024-09-27
READ;sila_2004@rambler.ru;2024-09-26
DELETE;iraida1977@yandex.ru;2024-10-01
READ;sidor_05@rambler.ru;2024-09-30
DELETE;ivanpoljakov@mail.ru;2024-09-26
UPDATE;vasili_62@yahoo.com;2024-09-30
DELETE;sergeevgalaktion@yandex.ru;2024-09-29
UPDATE;klavdi89@gmail.com;2024-09-25
UPDATE;baranovaninel@yandex.ru;2024-09-25
CREATE;komissarovisa@gmail.com;2024-09-30
CREATE;suhanovgavrila@mail.ru;2024-09-30
READ;ilja52@rambler.ru;2024-09-29
UPDATE;vlasovljubim@yandex.ru;2024-09-26
UPDATE;ilja52@rambler.ru;2024-09-25
UPDATE;demid_13@hotmail.com;2024-09-24
DELETE;avtonom_82@gmail.com;2024-09-28
DELETE;iraida1977@yandex.ru;2024-09-29
DELETE;kir_48@gmail.com;2024-09-23
UPDATE;efimovnikodim@yahoo.com;2024-09-24
CREATE;gennadimolchanov@yandex.ru;2024-09-23
READ;vladlen1979@rambler.ru;2024-09-29
CREATE;seliverstovmilovan@yahoo.com;2024-09-26
DELETE;vasili_62@yahoo.com;2024-09-23
CREATE;klavdi89@gmail.com;2024-09-30
CREATE;baranovaninel@yandex.ru;2024-09-28
READ;komissarovisa@gmail.com;2024-10-01
DELETE;npanfilova@mail.ru;2024-09-24
DELETE;spanfilov@hotmail.com;2024-09-27
DELETE;ilja2009@rambler.ru;2024-09-29
READ;agafonovdobromisl@yandex.ru;2024-09-30
DELETE;svjatopolkkrjukov@yandex.ru;2024-10-01
UPDATE;vladlenbogdanov@yandex.ru;2024-09-28
DELETE;agafon_1980@rambler.ru;2024-09-27
READ;agafonovdobromisl@yandex.ru;2024-09-27
READ;vatslav_63@hotmail.com;2024-10-01
UPDATE;marfa_07@mail.ru;2024-09-26
UPDATE;stanimir_79@yahoo.com;2024-09-24
READ;iraida1977@yandex.ru;2024-09-28
DELETE;vlasovljubim@yandex.ru;2024-09-27
UPDATE;stanimir_79@yahoo.com;2024-10-01
READ;avtonom_82@gmail.com;2024-10-01
READ;sila_2004@rambler.ru;2024-09-23
READ;agafja1990@yahoo.com;2024-09-26
CREATE;frolovavasilisa@hotmail.com;2024-09-26
UPDATE;kozlovustin@gmail.com;2024-09-23
DELETE;suhanovgavrila@mail.ru;2024-09-26
READ;jakubsokolov@mail.ru;2024-09-23
DELETE;kulakovapraskovja@rambler.ru;2024-09-29
READ;shirjaevvarlaam@rambler.ru;2024-09-26
UPDATE;agafonovdobromisl@yandex.ru;2024-09-25
CREATE;shirjaevspartak@yandex.ru;2024-09-30
UPDATE;radislav_2018@yandex.ru;2024-09-27
UPDATE;klavdi89@gmail.com;2024-09-30
DELETE;agafon_1980@rambler.ru;2024-09-29
CREATE;sidor_05@rambler.ru;2024-09-25
CREATE;emiheeva@rambler.ru;2024-09-30
DELETE;mechislav1993@rambler.ru;2024-09-23
UPDATE;ilja2009@rambler.ru;2024-09-25
CREATE;nadezhda14@gmail.com;2024-09-30
DELETE;galkinandre@gmail.com;2024-09-28
CREATE;sila_2004@rambler.ru;2024-09-29
UPDATE;vjacheslav_25@mail.ru;2024-09-25
UPDATE;borisovljubim@gmail.com;2024-09-30
UPDATE;fvolkova@mail.ru;2024-09-23
CREATE;vlasovljubim@yandex.ru;2024-09-25
UPDATE;efimovnikodim@yahoo.com;2024-09-26
CREATE;baranovaninel@yandex.ru;2024-09-26
DELETE;gavrilanikonov@yahoo.com;2024-09-26
CREATE;fedor61@gmail.com;2024-09-27
DELETE;stepanovaalina@mail.ru;2024-09-25
UPDATE;demid_13@hotmail.com;2024-09-27
CREATE;kiselevvsemil@gmail.com;2024-10-01
CREATE;komissarovisa@gmail.com;2024-09-25
DELETE;lora2011@gmail.com;2024-09-23
CREATE;frolovavasilisa@hotmail.com;2024-09-25
UPDATE;shubinrodion@gmail.com;2024-09-29
UPDATE;lora2011@gmail.com;2024-09-26
UPDATE;nikon_79@mail.ru;2024-09-23
CREATE;hariton1981@gmail.com;2024-09-29
READ;sila_2004@rambler.ru;2024-09-28
DELETE;vlasovljubim@yandex.ru;2024-09-29
READ;gorbunovasvetlana@yahoo.com;2024-09-25
READ;sofon38@hotmail.com;2024-09-25
CREATE;lukjan_2008@yahoo.com;2024-10-01
READ;seleznevgleb@gmail.com;2024-09-28
UPDATE;vatslav_63@hotmail.com;2024-09-27
READ;radislav_2018@yandex.ru;2024-10-01
DELETE;sidor_05@rambler.ru;2024-09-30
READ;foma_2014@mail.ru;2024-09-29
READ;klavdi89@gmail.com;2024-09-30
DELETE;averki_50@hotmail.com;2024-10-01
UPDATE;avde1974@rambler.ru;2024-09-25
UPDATE;klavdi89@gmail.com;2024-09-28
READ;tamara_32@rambler.ru;2024-09-23
UPDATE;stepanovaveronika@mail.ru;2024-09-25
UPDATE;tamara_32@rambler.ru;2024-09-30
UPDATE;jakubsokolov@mail.ru;2024-09-24
UPDATE;agafonovdobromisl@yandex.ru;2024-09-26
DELETE;filatovljubosmisl@mail.ru;2024-09-26
UPDATE;qbobilev@mail.ru;2024-09-30
CREATE;gavrilanikonov@yahoo.com;2024-09-23
CREATE;natanfrolov@mail.ru;2024-09-23
UPDATE;fvolkova@mail.ru;2024-09-30
UPDATE;fkulagin@mail.ru;2024-09-29
READ;klavdi89@gmail.com;2024-09-26
READ;kolobovjakub@rambler.ru;2024-09-29
UPDATE;agafonovdobromisl@yandex.ru;2024-10-01
READ;vladlen1979@rambler.ru;2024-09-28
CREATE;emiheeva@rambler.ru;2024-09-25
UPDATE;smirnovradislav@rambler.ru;2024-09-26
CREATE;fedor61@gmail.com;2024-09-25
READ;frolovavasilisa@hotmail.com;2024-09-26
UPDATE;eleonora_2000@rambler.ru;2024-09-27
DELETE;natanfrolov@mail.ru;2024-09-26
READ;lora2011@gmail.com;2024-09-29
READ;nikon_79@mail.ru;2024-09-24
READ;idmitriev@rambler.ru;2024-09-30
DELETE;sofon38@hotmail.com;2024-09-29
READ;eleonora_2000@rambler.ru;2024-09-30
UPDATE;kozlovustin@gmail.com;2024-09-30
UPDATE;iosif_11@hotmail.com;2024-09-26
READ;idmitriev@rambler.ru;2024-09-23
READ;iosif_11@hotmail.com;2024-09-30
DELETE;filipp_2003@mail.ru;2024-09-29
DELETE;efimovatamara@hotmail.com;2024-09-23
UPDATE;seliverstovmilovan@yahoo.com;2024-09-23
READ;evseevsofron@gmail.com;2024-09-26
READ;nazarkovalev@mail.ru;2024-09-30
DELETE;iosif_11@hotmail.com;2024-09-27
CREATE;efimovatamara@hotmail.com;2024-09-29
DELETE;gavrilanikonov@yahoo.com;2024-09-23
CREATE;iosif_11@hotmail.com;2024-09-27
READ;bazhen91@yahoo.com;2024-09-25
READ;kozlovustin@gmail.com;2024-09-23
READ;filatovljubosmisl@mail.ru;2024-09-23
READ;efimovnikodim@yahoo.com;2024-09-24
DELETE;kozlovustin@gmail.com;2024-09-23
DELETE;dementi_59@yahoo.com;2024-09-29
READ;vorobevanina@hotmail.com;2024-09-30
READ;baranovaninel@yandex.ru;2024-09-30
DELETE;alekse2000@yahoo.com;2024-09-24
UPDATE;qbobilev@mail.ru;2024-09-29
UPDATE;zsokolov@hotmail.com;2024-09-26
UPDATE;sila_2004@rambler.ru;2024-09-23
DELETE;vlasovljubim@yandex.ru;2024-09-28
READ;smirnovradislav@rambler.ru;2024-09-30
DELETE;bazhen91@yahoo.com;2024-09-27
UPDATE;kovalevagap@yahoo.com;2024-09-23
DELETE;kolobovjakub@rambler.ru;2024-09-26
UPDATE;borisovljubim@gmail.com;2024-09-23
CREATE;avtonom_82@gmail.com;2024-09-30
DELETE;stepanovaveronika@mail.ru;2024-09-27
UPDATE;seliverstovmilovan@yahoo.com;2024-09-25
DELETE;stepanovaveronika@mail.ru;2024-09-24
DELETE;sila_2004@rambler.ru;2024-09-23
UPDATE;seliverstovmilovan@yahoo.com;2024-09-25
READ;qkonovalova@rambler.ru;2024-09-28
DELETE;alekse2000@yahoo.com;2024-09-30
DELETE;jaroslavagafonov@rambler.ru;2024-09-28
CREATE;sofon38@hotmail.com;2024-09-27
READ;vladlen1979@rambler.ru;2024-09-28
DELETE;kozlovustin@gmail.com;2024-09-23
CREATE;regina_1981@yandex.ru;2024-09-24
READ;avde1974@rambler.ru;2024-09-24
CREATE;vladlenbogdanov@yandex.ru;2024-09-24
UPDATE;mechislav1993@rambler.ru;2024-09-25
READ;eleonora_2000@rambler.ru;2024-09-28
CREATE;natan2016@rambler.ru;2024-09-27
READ;vjacheslav_25@mail.ru;2024-09-25
READ;kiselevvsemil@gmail.com;2024-09-28
DELETE;averki_50@hotmail.com;2024-10-01
CREATE;gorbunovasvetlana@yahoo.com;2024-09-24
READ;borisovljubim@gmail.com;2024-09-23
CREATE;hariton1981@gmail.com;2024-09-25
UPDATE;frolovavasilisa@hotmail.com;2024-10-01
DELETE;ggromova@yandex.ru;2024-09-28
DELETE;shirjaevspartak@yandex.ru;2024-09-23
READ;zsokolov@hotmail.com;2024-09-30
DELETE;nestor2003@yahoo.com;2024-09-25
CREATE;ermola_1974@yahoo.com;2024-09-28
DELETE;belozerovnikifor@mail.ru;2024-09-26
DELETE;stepanovaalina@mail.ru;2024-09-26
DELETE;stepanovaveronika@mail.ru;2024-10-01
UPDATE;sidor_05@rambler.ru;2024-10-01
READ;gennadi1972@gmail.com;2024-09-29
DELETE;vatslav_63@hotmail.com;2024-09-26
DELETE;filatovljubosmisl@mail.ru;2024-09-24
READ;valeri50@yandex.ru;2024-09-30
READ;agafonovdobromisl@yandex.ru;2024-09-29
READ;iosif_11@hotmail.com;2024-09-23
CREATE;kir_48@gmail.com;2024-09-27
UPDATE;eleonora_2000@rambler.ru;2024-09-25
CREATE;nadezhda14@gmail.com;2024-09-26
UPDATE;vjacheslav_25@mail.ru;2024-09-24
CREATE;ermola_1974@yahoo.com;2024-09-24
DELETE;avtonom_82@gmail.com;2024-09-28
READ;vladlenbogdanov@yandex.ru;2024-09-26
UPDATE;foma_2014@mail.ru;2024-09-24
UPDATE;tamara_32@rambler.ru;2024-09-30
READ;ttitov@gmail.com;2024-09-23
DELETE;alekse2000@yahoo.com;2024-09-28
CREATE;vikenti_1988@hotmail.com;2024-09-27
UPDATE;borisovljubim@gmail.com;2024-09-24
CREATE;sila_2004@rambler.ru;2024-09-23
DELETE;natanfrolov@mail.ru;2024-09-24
READ;komissarovisa@gmail.com;2024-09-25
READ;agafja1990@yahoo.com;2024-09-30
DELETE;spanfilov@hotmail.com;2024-09-26
UPDATE;vlasovljubim@yandex.ru;2024-09-23
DELETE;radislav_2018@yandex.ru;2024-09-27
DELETE;alekse2000@yahoo.com;2024-09-27
CREATE;agafja1990@yahoo.com;2024-09-27
UPDATE;kulakovapraskovja@rambler.ru;2024-09-24
READ;lukjan_2008@yahoo.com;2024-09-24
DELETE;eleonora_2000@rambler.ru;2024-09-30
DELETE;stanimir_79@yahoo.com;2024-09-26
READ;vladlen1979@rambler.ru;2024-09-23
UPDATE;natan2016@rambler.ru;2024-09-25
UPDATE;iosif_11@hotmail.com;2024-09-28
READ;averki_50@hotmail.com;2024-10-01
READ;borisovljubim@gmail.com;2024-09-29
READ;fedor61@gmail.com;2024-09-27
DELETE;agafonovdobromisl@yandex.ru;2024-09-26
CREATE;vikenti_1988@hotmail.com;2024-09-25
READ;gennadimolchanov@yandex.ru;2024-09-27
CREATE;alekse2000@yahoo.com;2024-09-25
UPDATE;evseevsofron@gmail.com;2024-09-30
CREATE;idmitriev@rambler.ru;2024-09-30
UPDATE;demid_13@hotmail.com;2024-09-27
DELETE;galkinandre@gmail.com;2024-09-28
CREATE;agafja1990@yahoo.com;2024-09-26
CREATE;hariton1981@gmail.com;2024-09-23
UPDATE;fvolkova@mail.ru;2024-10-01
DELETE;sila_2004@rambler.ru;2024-10-01
DELETE;avde1974@rambler.ru;2024-09-23
CREATE;belozerovnikifor@mail.ru;2024-09-27
READ;efimovnikodim@yahoo.com;2024-09-23
UPDATE;gavrila2023@yahoo.com;2024-10-01
READ;spanfilov@hotmail.com;2024-09-25
CREATE;npanfilova@mail.ru;2024-09-30
READ;efimovnikodim@yahoo.com;2024-09-29
UPDATE;iraida1977@yandex.ru;2024-09-27
CREATE;gennadi1972@gmail.com;2024-09-26
DELETE;braginnatan@hotmail.com;2024-09-26
CREATE;tamara_32@rambler.ru;2024-09-24
READ;kozlovustin@gmail.com;2024-09-27
READ;gorbunovasvetlana@yahoo.com;2024-09-23
CREATE;bazhen91@yahoo.com;2024-09-28
UPDATE;nazarkovalev@mail.ru;2024-09-25
UPDATE;avtonom_82@gmail.com;2024-09-23
UPDATE;shirjaevvarlaam@rambler.ru;2024-09-26
CREATE;svjatopolkkrjukov@yandex.ru;2024-09-26
READ;sidor_05@rambler.ru;2024-09-27
UPDATE;nazarkovalev@mail.ru;2024-09-23
READ;iraida1977@yandex.ru;2024-09-24
CREATE;efimovatamara@hotmail.com;2024-09-23
UPDATE;dementi_59@yahoo.com;2024-09-27
READ;natan2016@rambler.ru;2024-09-29
UPDATE;mechislav1993@rambler.ru;2024-09-24
UPDATE;nadezhda14@gmail.com;2024-09-25
CREATE;gavrilanikonov@yahoo.com;2024-09-25
READ;lukjan_2008@yahoo.com;2024-09-25
CREATE;maksim_07@rambler.ru;2024-09-30
DELETE;vorobevanina@hotmail.com;2024-09-28
UPDATE;komissarovisa@gmail.com;2024-10-01
UPDATE;kiselevvsemil@gmail.com;2024-09-28
CREATE;efimovatamara@hotmail.com;2024-09-28
UPDATE;galkinandre@gmail.com;2024-09-29
UPDATE;stepanovaveronika@mail.ru;2024-09-23
DELETE;qbobilev@mail.ru;2024-09-30
CREATE;filatovljubosmisl@mail.ru;2024-09-25
READ;kiselevvsemil@gmail.com;2024-09-27
CREATE;shirjaevvarlaam@rambler.ru;2024-09-30
READ;vladlenbogdanov@yandex.ru;2024-09-24
UPDATE;makarovjakub@mail.ru;2024-09-30
UPDATE;fkulagin@mail.ru;2024-09-25
CREATE;jakubsokolov@mail.ru;2024-09-27
READ;seliverstovmilovan@yahoo.com;2024-09-28
UPDATE;filipp_2003@mail.ru;2024-09-26
DELETE;zsokolov@hotmail.com;2024-09-24
CREATE;marfa_07@mail.ru;2024-09-28
CREATE;braginnatan@hotmail.com;2024-09-27
UPDATE;lora2011@gmail.com;2024-09-28
READ;klavdi89@gmail.com;2024-09-26
UPDATE;dementi_59@yahoo.com;2024-09-28
DELETE;ivanpoljakov@mail.ru;2024-09-28
DELETE;maksim_07@rambler.ru;2024-09-26
CREATE;stepanovaalina@mail.ru;2024-09-26
READ;svjatopolkkrjukov@yandex.ru;2024-09-27
DELETE;gennadi1972@gmail.com;2024-10-01
READ;konon2020@yandex.ru;2024-09-27
UPDATE;efimovnikodim@yahoo.com;2024-09-27
DELETE;svjatopolkkrjukov@yandex.ru;2024-09-27
DELETE;smirnovradislav@rambler.ru;2024-09-26
UPDATE;qkonovalova@rambler.ru;2024-09-29
READ;agafonovdobromisl@yandex.ru;2024-09-26
UPDATE;natanfrolov@mail.ru;2024-09-30
UPDATE;maksim_07@rambler.ru;2024-09-30
UPDATE;gorbunovasvetlana@yahoo.com;2024-09-25
DELETE;emiheeva@rambler.ru;2024-09-23
READ;marfa_07@mail.ru;2024-09-29
CREATE;maksim_07@rambler.ru;2024-09-26
DELETE;jaroslavagafonov@rambler.ru;2024-09-27
DELETE;efimovnikodim@yahoo.com;2024-09-26
CREATE;vjacheslav_25@mail.ru;2024-09-25
READ;shirjaevspartak@yandex.ru;2024-09-28
READ;radislav_2018@yandex.ru;2024-09-23
READ;nestor2003@yahoo.com;2024-09-23
CREATE;nazarkovalev@mail.ru;2024-09-23
CREATE;komissarovisa@gmail.com;2024-09-25
UPDATE;stepanovaalina@mail.ru;2024-09-25
CREATE;averki_50@hotmail.com;2024-09-25
READ;nestor2003@yahoo.com;2024-10-01
CREATE;spanfilov@hotmail.com;2024-09-23
READ;idmitriev@rambler.ru;2024-10-01
READ;gennadi1972@gmail.com;2024-09-27
READ;sergeevgalaktion@yandex.ru;2024-09-27
CREATE;ilja52@rambler.ru;2024-09-29
UPDATE;lukjan_2008@yahoo.com;2024-10-01
UPDATE;gorbunovasvetlana@yahoo.com;2024-09-23
READ;suhanovgavrila@mail.ru;2024-10-01
READ;gpestova@yandex.ru;2024-09-28
CREATE;dementi_59@yahoo.com;2024-09-24
READ;gennadi1972@gmail.com;2024-10-01
UPDATE;klavdi89@gmail.com;2024-09-29
CREATE;belozerovnikifor@mail.ru;2024-09-24
DELETE;lukjan_2008@yahoo.com;2024-09-28
DELETE;regina_1981@yandex.ru;2024-09-25
CREATE;ilja2009@rambler.ru;2024-09-27
DELETE;maksim_07@rambler.ru;2024-09-28
READ;ttitov@gmail.com;2024-09-25
READ;vjacheslav_25@mail.ru;2024-09-30
CREATE;smirnovradislav@rambler.ru;2024-09-28
READ;anzhelika63@yandex.ru;2024-09-26
READ;kiselevvsemil@gmail.com;2024-09-28
DELETE;jaroslavagafonov@rambler.ru;2024-10-01
CREATE;kolobovjakub@rambler.ru;2024-09-30
UPDATE;sidor_05@rambler.ru;2024-09-24
DELETE;demid_13@hotmail.com;2024-10-01
CREATE;natan2016@rambler.ru;2024-10-01
DELETE;filatovljubosmisl@mail.ru;2024-09-27
DELETE;filipp_2003@mail.ru;2024-09-26
DELETE;galkinandre@gmail.com;2024-09-25
READ;maksim_07@rambler.ru;2024-09-29
UPDATE;foma_2014@mail.ru;2024-10-01
READ;vlasovljubim@yandex.ru;2024-09-24
DELETE;iosif_11@hotmail.com;2024-09-27
READ;marfa_07@mail.ru;2024-09-27
UPDATE;braginnatan@hotmail.com;2024-09-27
READ;tamara_32@rambler.ru;2024-09-26
DELETE;foma_2014@mail.ru;2024-09-24
DELETE;radislav_2018@yandex.ru;2024-09-30
CREATE;galkinandre@gmail.com;2024-09-29
READ;filatovljubosmisl@mail.ru;2024-09-27
DELETE;gennadi1972@gmail.com;2024-09-29
UPDATE;stepanovaveronika@mail.ru;2024-09-23
READ;efimovatamara@hotmail.com;2024-10-01
DELETE;nazarkovalev@mail.ru;2024-09-23
READ;baranovaninel@yandex.ru;2024-09-26
DELETE;natan2016@rambler.ru;2024-09-28
DELETE;lukjan_2008@yahoo.com;2024-09-27
READ;hariton1981@gmail.com;2024-09-24
READ;qbobilev@mail.ru;2024-09-24
READ;zsokolov@hotmail.com;2024-09-25
UPDATE;vjacheslav_25@mail.ru;2024-09-28
DELETE;hariton1981@gmail.com;2024-09-25
CREATE;gavrila2023@yahoo.com;2024-09-24
UPDATE;shirjaevspartak@yandex.ru;2024-09-30
CREATE;fedor61@gmail.com;2024-09-27
DELETE;avde1974@rambler.ru;2024-09-26
UPDATE;sofon38@hotmail.com;2024-09-24
UPDATE;gavrila2023@yahoo.com;2024-09-29
DELETE;jakubsokolov@mail.ru;2024-09-24
CREATE;zsokolov@hotmail.com;2024-09-24
UPDATE;smirnovradislav@rambler.ru;2024-09-30
READ;maksim_07@rambler.ru;2024-09-29
READ;vladlenbogdanov@yandex.ru;2024-09-25
DELETE;stanimir_79@yahoo.com;2024-09-25
UPDATE;suhanovgavrila@mail.ru;2024-10-01
READ;shubinrodion@gmail.com;2024-09-29
READ;nikon_79@mail.ru;2024-09-29
READ;agafja1990@yahoo.com;2024-09-25
READ;iraida1977@yandex.ru;2024-09-29
DELETE;gorbunovasvetlana@yahoo.com;2024-10-01
CREATE;shirjaevvarlaam@rambler.ru;2024-09-26
CREATE;iraida1977@yandex.ru;2024-09-30
UPDATE;anzhelika63@yandex.ru;2024-09-29
DELETE;ggromova@yandex.ru;2024-09-29
UPDATE;kovalevagap@yahoo.com;2024-09-25
DELETE;hariton1981@gmail.com;2024-09-29
UPDATE;efimovnikodim@yahoo.com;2024-09-30
READ;lora2011@gmail.com;2024-09-23
CREATE;stepanovaveronika@mail.ru;2024-09-24
CREATE;galkinandre@gmail.com;2024-09-23
READ;fvolkova@mail.ru;2024-09-25
READ;emiheeva@rambler.ru;2024-09-25
UPDATE;dementi_59@yahoo.com;2024-09-25
CREATE;efimovatamara@hotmail.com;2024-09-23
DELETE;ilja2009@rambler.ru;2024-09-23
READ;agafja1990@yahoo.com;2024-09-28
DELETE;lukjan_2008@yahoo.com;2024-09-30
READ;kir_48@gmail.com;2024-09-25
DELETE;seliverstovmilovan@yahoo.com;2024-09-27
CREATE;hariton1981@gmail.com;2024-10-01
DELETE;maksim_07@rambler.ru;2024-09-26
CREATE;vlasovljubim@yandex.ru;2024-09-24
UPDATE;galkinandre@gmail.com;2024-09-24
READ;sergeevgalaktion@yandex.ru;2024-09-28
UPDATE;agafon_1980@rambler.ru;2024-09-25
CREATE;demid_13@hotmail.com;2024-09-30
READ;gorbunovasvetlana@yahoo.com;2024-09-24
CREATE;tamara_32@rambler.ru;2024-09-29
READ;emiheeva@rambler.ru;2024-09-28
UPDATE;emiheeva@rambler.ru;2024-09-23
DELETE;vladlenbogdanov@yandex.ru;2024-09-28
CREATE;jakubsokolov@mail.ru;2024-09-24
CREATE;vikenti_1988@hotmail.com;2024-09-29
DELETE;stanimir_79@yahoo.com;2024-09-25
DELETE;kulakovapraskovja@rambler.ru;2024-09-29
UPDATE;nestor2003@yahoo.com;2024-09-27
CREATE;nazarkovalev@mail.ru;2024-09-24
DELETE;svjatopolkkrjukov@yandex.ru;2024-09-23
DELETE;sergeevgalaktion@yandex.ru;2024-09-28
UPDATE;foma_2014@mail.ru;2024-10-01
READ;seleznevgleb@gmail.com;2024-09-28
DELETE;natan2016@rambler.ru;2024-09-24
CREATE;dementi_59@yahoo.com;2024-09-29
READ;kliment_93@hotmail.com;2024-09-24
UPDATE;agafonovdobromisl@yandex.ru;2024-09-26
DELETE;fedor61@gmail.com;2024-09-30
DELETE;kulakovapraskovja@rambler.ru;2024-09-26
CREATE;vladlenbogdanov@yandex.ru;2024-09-25
DELETE;evseevsofron@gmail.com;2024-09-27
CREATE;averki_50@hotmail.com;2024-10-01
READ;braginnatan@hotmail.com;2024-09-24
DELETE;ivanpoljakov@mail.ru;2024-09-24
CREATE;zsokolov@hotmail.com;2024-09-26
READ;gennadi1972@gmail.com;2024-09-23
UPDATE;ermola_1974@yahoo.com;2024-09-24
DELETE;vikenti_1988@hotmail.com;2024-09-24
UPDATE;iosif_11@hotmail.com;2024-09-28
CREATE;efimovatamara@hotmail.com;2024-09-27
DELETE;ttitov@gmail.com;2024-09-26
DELETE;alekse2000@yahoo.com;2024-09-27
CREATE;fvolkova@mail.ru;2024-09-25
CREATE;agafonovdobromisl@yandex.ru;2024-09-26
CREATE;emiheeva@rambler.ru;2024-09-25
DELETE;stepanovaalina@mail.ru;2024-09-30
UPDATE;vladlen1979@rambler.ru;2024-09-23
CREATE;lora2011@gmail.com;2024-09-29
DELETE;valeri50@yandex.ru;2024-09-27
CREATE;gennadimolchanov@yandex.ru;2024-09-27
READ;smirnovradislav@rambler.ru;2024-09-23
DELETE;idmitriev@rambler.ru;2024-09-26
UPDATE;agafon_1980@rambler.ru;2024-09-27
READ;agafon_1980@rambler.ru;2024-09-23
DELETE;ermola_1974@yahoo.com;2024-09-28
UPDATE;fkulagin@mail.ru;2024-09-25
DELETE;tamara_32@rambler.ru;2024-09-27
CREATE;nikon_79@mail.ru;2024-10-01
UPDATE;evseevsofron@gmail.com;2024-09-24
DELETE;fvolkova@mail.ru;2024-09-26
CREATE;svjatopolkkrjukov@yandex.ru;2024-09-23
UPDATE;vladlen1979@rambler.ru;2024-09-30
READ;stanimir_79@yahoo.com;2024-09-24
READ;svjatopolkkrjukov@yandex.ru;2024-09-28
DELETE;gorbunovasvetlana@yahoo.com;2024-09-29
UPDATE;alekse2000@yahoo.com;2024-09-23
DELETE;vikenti_1988@hotmail.com;2024-09-29
READ;gennadi1972@gmail.com;2024-09-25
DELETE;belozerovnikifor@mail.ru;2024-09-24
DELETE;klavdi89@gmail.com;2024-09-29
CREATE;vladlenbogdanov@yandex.ru;2024-09-27
CREATE;gavrilanikonov@yahoo.com;2024-09-26
DELETE;kulakovapraskovja@rambler.ru;2024-09-23
CREATE;braginnatan@hotmail.com;2024-09-24
CREATE;shubinrodion@gmail.com;2024-09-24
UPDATE;iosif_11@hotmail.com;2024-09-25
DELETE;dementi_59@yahoo.com;2024-09-30
DELETE;fedor61@gmail.com;2024-09-24
CREATE;tamara_32@rambler.ru;2024-09-28
UPDATE;stepanovaveronika@mail.ru;2024-09-30
DELETE;avde1974@rambler.ru;2024-09-25
DELETE;maksim_07@rambler.ru;2024-09-24
CREATE;gavrilanikonov@yahoo.com;2024-09-30
UPDATE;seleznevgleb@gmail.com;2024-09-25
CREATE;makarovjakub@mail.ru;2024-09-24
CREATE;ivanpoljakov@mail.ru;2024-09-26
READ;smirnovradislav@rambler.ru;2024-09-27
READ;gorbunovasvetlana@yahoo.com;2024-09-27
DELETE;valeri50@yandex.ru;2024-09-25
DELETE;alekse2000@yahoo.com;2024-09-23
READ;nazarkovalev@mail.ru;2024-09-28
CREATE;hariton1981@gmail.com;2024-09-30
READ;vladlenbogdanov@yandex.ru;2024-10-01
UPDATE;agafonovdobromisl@yandex.ru;2024-09-27
CREATE;stepanovaveronika@mail.ru;2024-09-27
READ;frolovavasilisa@hotmail.com;2024-09-26
CREATE;svjatopolkkrjukov@yandex.ru;2024-09-23
DELETE;klavdi89@gmail.com;2024-09-23
READ;agafon_1980@rambler.ru;2024-09-29
CREATE;npanfilova@mail.ru;2024-10-01
READ;gennadimolchanov@yandex.ru;2024-09-26
CREATE;idmitriev@rambler.ru;2024-09-23
UPDATE;nadezhda14@gmail.com;2024-09-27
UPDATE;jaroslavagafonov@rambler.ru;2024-09-27
DELETE;komissarovisa@gmail.com;2024-09-26
DELETE;ggromova@yandex.ru;2024-09-27
READ;foma_2014@mail.ru;2024-10-01
DELETE;fkulagin@mail.ru;2024-09-23
DELETE;fvolkova@mail.ru;2024-10-01
DELETE;ivanpoljakov@mail.ru;2024-09-28
CREATE;demid_13@hotmail.com;2024-10-01
READ;kolobovjakub@rambler.ru;2024-09-30
READ;nestor2003@yahoo.com;2024-10-01
CREATE;natanfrolov@mail.ru;2024-09-25
DELETE;seleznevgleb@gmail.com;2024-09-28
CREATE;vjacheslav_25@mail.ru;2024-09-25
DELETE;kliment_93@hotmail.com;2024-09-27
UPDATE;qbobilev@mail.ru;2024-09-26
UPDATE;vikenti_1988@hotmail.com;2024-09-23
UPDATE;kovalevagap@yahoo.com;2024-10-01
READ;gpestova@yandex.ru;2024-09-29
DELETE;spanfilov@hotmail.com;2024-09-23
DELETE;alekse2000@yahoo.com;2024-09-23
UPDATE;filatovljubosmisl@mail.ru;2024-09-26
DELETE;maksim_07@rambler.ru;2024-09-30
UPDATE;seleznevgleb@gmail.com;2024-09-26
DELETE;stepanovaalina@mail.ru;2024-09-24
UPDATE;galkinandre@gmail.com;2024-09-28
UPDATE;braginnatan@hotmail.com;2024-10-01
DELETE;zsokolov@hotmail.com;2024-09-23
DELETE;efimovatamara@hotmail.com;2024-09-24
CREATE;fedor61@gmail.com;2024-09-27
DELETE;mechislav1993@rambler.ru;2024-10-01
READ;suhanovgavrila@mail.ru;2024-09-28
CREATE;svjatopolkkrjukov@yandex.ru;2024-09-28
DELETE;dementi_59@yahoo.com;2024-09-27
DELETE;jakubsokolov@mail.ru;2024-09-29
UPDATE;iosif_11@hotmail.com;2024-09-26
UPDATE;radislav_2018@yandex.ru;2024-09-25
DELETE;sila_2004@rambler.ru;2024-09-25
DELETE;vatslav_63@hotmail.com;2024-09-24
DELETE;kiselevvsemil@gmail.com;2024-09-29
CREATE;kozlovustin@gmail.com;2024-09-27
CREATE;tamara_32@rambler.ru;2024-09-28
CREATE;seliverstovmilovan@yahoo.com;2024-09-25
CREATE;foma_2014@mail.ru;2024-09-30
UPDATE;natan2016@rambler.ru;2024-09-26
READ;iraida1977@yandex.ru;2024-09-30
CREATE;gavrilanikonov@yahoo.com;2024-09-24
UPDATE;nadezhda14@gmail.com;2024-10-01
CREATE;ilja52@rambler.ru;2024-10-01
CREATE;stepanovaveronika@mail.ru;2024-09-28
CREATE;ttitov@gmail.com;2024-09-25
READ;stepanovaveronika@mail.ru;2024-09-26
READ;avde1974@rambler.ru;2024-09-26
CREATE;zsokolov@hotmail.com;2024-09-28
DELETE;averki_50@hotmail.com;2024-09-26
UPDATE;gorbunovasvetlana@yahoo.com;2024-09-28
READ;makarovjakub@mail.ru;2024-09-29
READ;efimovnikodim@yahoo.com;2024-09-28
UPDATE;borisovljubim@gmail.com;2024-09-27
UPDATE;gpestova@yandex.ru;2024-09-27
UPDATE;kozlovustin@gmail.com;2024-10-01
CREATE;seliverstovmilovan@yahoo.com;2024-09-28
UPDATE;sergeevgalaktion@yandex.ru;2024-09-28
DELETE;vatslav_63@hotmail.com;2024-09-29
CREATE;svjatopolkkrjukov@yandex.ru;2024-09-28
READ;idmitriev@rambler.ru;2024-09-27
DELETE;jaroslavagafonov@rambler.ru;2024-09-24
READ;agafonovdobromisl@yandex.ru;2024-09-29
UPDATE;nestor2003@yahoo.com;2024-10-01
UPDATE;kolobovjakub@rambler.ru;2024-09-29
CREATE;vladlen1979@rambler.ru;2024-09-24
UPDATE;konon2020@yandex.ru;2024-09-23
DELETE;filatovljubosmisl@mail.ru;2024-09-24
DELETE;kolobovjakub@rambler.ru;2024-09-27
UPDATE;fvolkova@mail.ru;2024-10-01
DELETE;avtonom_82@gmail.com;2024-09-25
CREATE;efimovatamara@hotmail.com;2024-09-29
READ;marfa_07@mail.ru;2024-09-30
DELETE;ilja2009@rambler.ru;2024-09-25
READ;spanfilov@hotmail.com;2024-09-30
DELETE;regina_1981@yandex.ru;2024-09-26
DELETE;lora2011@gmail.com;2024-09-25
READ;kozlovustin@gmail.com;2024-09-24
DELETE;avde1974@rambler.ru;2024-09-24
CREATE;vjacheslav_25@mail.ru;2024-09-29
UPDATE;fvolkova@mail.ru;2024-09-29
CREATE;braginnatan@hotmail.com;2024-10-01
UPDATE;vladlen1979@rambler.ru;2024-09-23
DELETE;shirjaevspartak@yandex.ru;2024-09-24
READ;dementi_59@yahoo.com;2024-10-01
DELETE;kliment_93@hotmail.com;2024-09-28
DELETE;idmitriev@rambler.ru;2024-09-29
READ;seleznevgleb@gmail.com;2024-09-30
UPDATE;kovalevagap@yahoo.com;2024-09-28
UPDATE;fvolkova@mail.ru;2024-09-26
UPDATE;nazarkovalev@mail.ru;2024-09-23
READ;ttitov@gmail.com;2024-09-24
CREATE;ermola_1974@yahoo.com;2024-09-30
DELETE;svjatopolkkrjukov@yandex.ru;2024-09-25
DELETE;averki_50@hotmail.com;2024-10-01
READ;natanfrolov@mail.ru;2024-09-29
READ;jakubsokolov@mail.ru;2024-09-26
CREATE;vjacheslav_25@mail.ru;2024-10-01
CREATE;efimovnikodim@yahoo.com;2024-09-24
READ;efimovatamara@hotmail.com;2024-09-24
CREATE;filipp_2003@mail.ru;2024-09-24
CREATE;fvolkova@mail.ru;2024-10-01
CREATE;konon2020@yandex.ru;2024-09-25
UPDATE;seliverstovmilovan@yahoo.com;2024-09-25
CREATE;gavrilanikonov@yahoo.com;2024-09-23
CREATE;qbobilev@mail.ru;2024-09-23
UPDATE;tamara_32@rambler.ru;2024-09-25
READ;jakubsokolov@mail.ru;2024-10-01
CREATE;ivanpoljakov@mail.ru;2024-09-24
DELETE;shirjaevvarlaam@rambler.ru;2024-10-01
UPDATE;ivanpoljakov@mail.ru;2024-09-28
DELETE;sergeevgalaktion@yandex.ru;2024-09-24
CREATE;stepanovaveronika@mail.ru;2024-09-30
CREATE;ggromova@yandex.ru;2024-09-25
UPDATE;gorbunovasvetlana@yahoo.com;2024-09-28
UPDATE;komissarovisa@gmail.com;2024-10-01
READ;evseevsofron@gmail.com;2024-09-26
CREATE;stanimir_79@yahoo.com;2024-09-30
UPDATE;gavrila2023@yahoo.com;2024-09-30
CREATE;kolobovjakub@rambler.ru;2024-10-01
DELETE;vladlen1979@rambler.ru;2024-09-27
CREATE;fvolkova@mail.ru;2024-09-27
CREATE;gennadimolchanov@yandex.ru;2024-09-29
CREATE;foma_2014@mail.ru;2024-10-01
DELETE;fkulagin@mail.ru;2024-09-24
CREATE;gorbunovasvetlana@yahoo.com;2024-09-28
UPDATE;seleznevgleb@gmail.com;2024-09-25
READ;marfa_07@mail.ru;2024-09-30
CREATE;sila_2004@rambler.ru;2024-09-25
DELETE;kovalevagap@yahoo.com;2024-09-26
READ;bazhen91@yahoo.com;2024-09-29
READ;demid_13@hotmail.com;2024-09-23
READ;vikenti_1988@hotmail.com;2024-09-28
CREATE;shirjaevspartak@yandex.ru;2024-09-25
CREATE;sidor_05@rambler.ru;2024-09-23
READ;vlasovljubim@yandex.ru;2024-09-29
CREATE;klavdi89@gmail.com;2024-09-28
DELETE;sergeevgalaktion@yandex.ru;2024-09-29
UPDATE;lukjan_2008@yahoo.com;2024-09-23
DELETE;kiselevvsemil@gmail.com;2024-09-25
READ;makarovjakub@mail.ru;2024-09-23
DELETE;evseevsofron@gmail.com;2024-09-26
DELETE;ilja52@rambler.ru;2024-09-27
CREATE;kir_48@gmail.com;2024-09-30
UPDATE;hariton1981@gmail.com;2024-09-28
UPDATE;stepanovaveronika@mail.ru;2024-09-26
READ;klavdi89@gmail.com;2024-09-30
DELETE;iosif_11@hotmail.com;2024-09-30
READ;stanimir_79@yahoo.com;2024-09-25
READ;vorobevanina@hotmail.com;2024-09-29
UPDATE;agafja1990@yahoo.com;2024-09-27
UPDATE;frolovavasilisa@hotmail.com;2024-09-25
UPDATE;marfa_07@mail.ru;2024-10-01
UPDATE;ilja52@rambler.ru;2024-09-23
UPDATE;qkonovalova@rambler.ru;2024-09-27
UPDATE;valeri50@yandex.ru;2024-09-26
DELETE;dementi_59@yahoo.com;2024-10-01
DELETE;foma_2014@mail.ru;2024-09-27
CREATE;evseevsofron@gmail.com;2024-09-23
CREATE;efimovatamara@hotmail.com;2024-09-27
DELETE;komissarovisa@gmail.com;2024-09-27
UPDATE;sila_2004@rambler.ru;2024-09-26
READ;efimovnikodim@yahoo.com;2024-09-25
UPDATE;komissarovisa@gmail.com;2024-09-29
DELETE;filipp_2003@mail.ru;2024-09-28
UPDATE;lora2011@gmail.com;2024-09-24
READ;sergeevgalaktion@yandex.ru;2024-09-25
CREATE;demid_13@hotmail.com;2024-09-25
READ;lora2011@gmail.com;2024-09-28
READ;agafja1990@yahoo.com;2024-09-26
READ;stanimir_79@yahoo.com;2024-09-28
CREATE;agafonovdobromisl@yandex.ru;2024-09-25
UPDATE;demid_13@hotmail.com;2024-09-28
UPDATE;natan2016@rambler.ru;2024-09-28
UPDATE;npanfilova@mail.ru;2024-09-28
UPDATE;nestor2003@yahoo.com;2024-09-26
UPDATE;npanfilova@mail.ru;2024-09-29
CREATE;sila_2004@rambler.ru;2024-09-26
UPDATE;radislav_2018@yandex.ru;2024-10-01
CREATE;ilja2009@rambler.ru;2024-10-01
CREATE;fedor61@gmail.com;2024-09-26
READ;kir_48@gmail.com;2024-09-30
DELETE;mechislav1993@rambler.ru;2024-09-23
DELETE;borisovljubim@gmail.com;2024-09-23
CREATE;maksim_07@rambler.ru;2024-10-01
DELETE;kliment_93@hotmail.com;2024-09-29
UPDATE;averki_50@hotmail.com;2024-09-24
READ;qbobilev@mail.ru;2024-09-27
UPDATE;lukjan_2008@yahoo.com;2024-09-30
READ;vorobevanina@hotmail.com;2024-09-23
DELETE;gorbunovasvetlana@yahoo.com;2024-09-26
READ;kozlovustin@gmail.com;2024-09-23
DELETE;hariton1981@gmail.com;2024-09-24
READ;hariton1981@gmail.com;2024-09-26
CREATE;stepanovaalina@mail.ru;2024-09-24
UPDATE;agafon_1980@rambler.ru;2024-09-30
DELETE;nadezhda14@gmail.com;2024-09-27
READ;mechislav1993@rambler.ru;2024-09-27
CREATE;emiheeva@rambler.ru;2024-10-01
READ;kiselevvsemil@gmail.com;2024-10-01
DELETE;agafonovdobromisl@yandex.ru;2024-09-30
READ;shirjaevvarlaam@rambler.ru;2024-09-24
READ;gpestova@yandex.ru;2024-09-28
CREATE;seliverstovmilovan@yahoo.com;2024-09-29
READ;sofon38@hotmail.com;2024-09-24
READ;kiselevvsemil@gmail.com;2024-09-25
UPDATE;vladlenbogdanov@yandex.ru;2024-10-01
UPDATE;ivanpoljakov@mail.ru;2024-09-24
CREATE;lukjan_2008@yahoo.com;2024-09-23
READ;vjacheslav_25@mail.ru;2024-10-01
CREATE;kiselevvsemil@gmail.com;2024-09-25
UPDATE;ilja52@rambler.ru;2024-09-28
CREATE;baranovaninel@yandex.ru;2024-09-26
UPDATE;vasili_62@yahoo.com;2024-09-25
DELETE;ggromova@yandex.ru;2024-09-28
UPDATE;kovalevagap@yahoo.com;2024-09-28
READ;averki_50@hotmail.com;2024-09-30
CREATE;svjatopolkkrjukov@yandex.ru;2024-10-01
READ;efimovnikodim@yahoo.com;2024-09-30
DELETE;vikenti_1988@hotmail.com;2024-09-27
UPDATE;stepanovaveronika@mail.ru;2024-09-24
UPDATE;shubinrodion@gmail.com;2024-09-23
CREATE;vladlenbogdanov@yandex.ru;2024-09-24
UPDATE;stepanovaalina@mail.ru;2024-09-28
CREATE;avtonom_82@gmail.com;2024-09-30
CREATE;vladlen1979@rambler.ru;2024-09-28
DELETE;gavrilanikonov@yahoo.com;2024-09-27
UPDATE;valeri50@yandex.ru;2024-09-28
UPDATE;vladlen1979@rambler.ru;2024-10-01
UPDATE;stanimir_79@yahoo.com;2024-09-25
READ;valeri50@yandex.ru;2024-09-26
READ;nadezhda14@gmail.com;2024-09-29
DELETE;konon2020@yandex.ru;2024-09-23
READ;efimovatamara@hotmail.com;2024-09-29
READ;jaroslavagafonov@rambler.ru;2024-09-28
CREATE;komissarovisa@gmail.com;2024-10-01
READ;natan2016@rambler.ru;2024-09-23
DELETE;radislav_2018@yandex.ru;2024-09-26
DELETE;ilja52@rambler.ru;2024-09-25
DELETE;iraida1977@yandex.ru;2024-10-01
DELETE;vatslav_63@hotmail.com;2024-09-25
DELETE;vatslav_63@hotmail.com;2024-10-01
CREATE;avde1974@rambler.ru;2024-09-30
DELETE;avtonom_82@gmail.com;2024-09-29
UPDATE;makarovjakub@mail.ru;2024-09-26
UPDATE;vladlenbogdanov@yandex.ru;2024-09-29
DELETE;avde1974@rambler.ru;2024-09-24
UPDATE;radislav_2018@yandex.ru;2024-09-28
UPDATE;borisovljubim@gmail.com;2024-09-27
DELETE;fvolkova@mail.ru;2024-09-25
READ;alekse2000@yahoo.com;2024-09-30
CREATE;suhanovgavrila@mail.ru;2024-09-27
DELETE;ilja52@rambler.ru;2024-09-25
DELETE;eleonora_2000@rambler.ru;2024-09-29
CREATE;avtonom_82@gmail.com;2024-09-29
READ;gennadimolchanov@yandex.ru;2024-09-25
CREATE;komissarovisa@gmail.com;2024-09-28
READ;gavrilanikonov@yahoo.com;2024-09-23
READ;mechislav1993@rambler.ru;2024-09-23
DELETE;bazhen91@yahoo.com;2024-09-26
CREATE;kulakovapraskovja@rambler.ru;2024-10-01
READ;konon2020@yandex.ru;2024-10-01
DELETE;foma_2014@mail.ru;2024-09-29
DELETE;maksim_07@rambler.ru;2024-09-23
DELETE;ggromova@yandex.ru;2024-09-28
CREATE;komissarovisa@gmail.com;2024-09-25
UPDATE;kliment_93@hotmail.com;2024-09-30
DELETE;seleznevgleb@gmail.com;2024-09-26
CREATE;sergeevgalaktion@yandex.ru;2024-09-24
READ;iraida1977@yandex.ru;2024-09-25
READ;ttitov@gmail.com;2024-09-24
READ;demid_13@hotmail.com;2024-10-01
UPDATE;hariton1981@gmail.com;2024-09-24
READ;natanfrolov@mail.ru;2024-09-27
READ;borisovljubim@gmail.com;2024-09-30
DELETE;sidor_05@rambler.ru;2024-09-28
CREATE;galkinandre@gmail.com;2024-09-26
CREATE;sidor_05@rambler.ru;2024-09-29
UPDATE;borisovljubim@gmail.com;2024-09-29
UPDATE;natanfrolov@mail.ru;2024-09-30
CREATE;stepanovaalina@mail.ru;2024-09-25
DELETE;nadezhda14@gmail.com;2024-09-25
DELETE;vikenti_1988@hotmail.com;2024-09-30
DELETE;valeri50@yandex.ru;2024-09-23
CREATE;fvolkova@mail.ru;2024-09-29
READ;vladlen1979@rambler.ru;2024-09-27
DELETE;belozerovnikifor@mail.ru;2024-09-25
DELETE;komissarovisa@gmail.com;2024-09-29
READ;tamara_32@rambler.ru;2024-09-23
CREATE;gpestova@yandex.ru;2024-09-27
READ;vjacheslav_25@mail.ru;2024-09-26
UPDATE;jaroslavagafonov@rambler.ru;2024-10-01
CREATE;avtonom_82@gmail.com;2024-09-26
DELETE;fvolkova@mail.ru;2024-09-29
CREATE;kliment_93@hotmail.com;2024-09-23
UPDATE;avtonom_82@gmail.com;2024-09-27
CREATE;radislav_2018@yandex.ru;2024-09-28
CREATE;komissarovisa@gmail.com;2024-09-30
DELETE;galkinandre@gmail.com;2024-10-01
UPDATE;belozerovnikifor@mail.ru;2024-09-24
DELETE;komissarovisa@gmail.com;2024-09-24
DELETE;sila_2004@rambler.ru;2024-09-30
READ;kir_48@gmail.com;2024-09-29
READ;shubinrodion@gmail.com;2024-09-25
CREATE;ilja52@rambler.ru;2024-09-30
CREATE;kliment_93@hotmail.com;2024-09-28
DELETE;kiselevvsemil@gmail.com;2024-09-30
CREATE;vladlen1979@rambler.ru;2024-09-30
READ;borisovljubim@gmail.com;2024-09-23
DELETE;smirnovradislav@rambler.ru;2024-09-24
DELETE;nikon_79@mail.ru;2024-09-24
DELETE;avde1974@rambler.ru;2024-10-01
DELETE;valeri50@yandex.ru;2024-09-28
READ;emiheeva@rambler.ru;2024-09-30
DELETE;emiheeva@rambler.ru;2024-09-25
CREATE;mechislav1993@rambler.ru;2024-09-23
UPDATE;evseevsofron@gmail.com;2024-09-28
CREATE;jakubsokolov@mail.ru;2024-09-27
CREATE;filatovljubosmisl@mail.ru;2024-09-24
CREATE;kulakovapraskovja@rambler.ru;2024-09-27
DELETE;dementi_59@yahoo.com;2024-09-28
DELETE;averki_50@hotmail.com;2024-09-29
UPDATE;ilja2009@rambler.ru;2024-09-27
UPDATE;vlasovljubim@yandex.ru;2024-09-28
READ;qkonovalova@rambler.ru;2024-09-28
READ;gavrilanikonov@yahoo.com;2024-10-01
UPDATE;sofon38@hotmail.com;2024-09-24
CREATE;vatslav_63@hotmail.com;2024-09-26
DELETE;dementi_59@yahoo.com;2024-09-25
READ;fvolkova@mail.ru;2024-09-30
READ;sidor_05@rambler.ru;2024-09-24
READ;jaroslavagafonov@rambler.ru;2024-09-26
UPDATE;mechislav1993@rambler.ru;2024-09-23
DELETE;filipp_2003@mail.ru;2024-09-30
CREATE;seliverstovmilovan@yahoo.com;2024-09-26
UPDATE;lukjan_2008@yahoo.com;2024-09-28
READ;gavrila2023@yahoo.com;2024-09-24
DELETE;sidor_05@rambler.ru;2024-09-29
UPDATE;ilja52@rambler.ru;2024-09-25
READ;baranovaninel@yandex.ru;2024-09-29
READ;ttitov@gmail.com;2024-09-30
UPDATE;jaroslavagafonov@rambler.ru;2024-09-24
UPDATE;nestor2003@yahoo.com;2024-09-24
DELETE;regina_1981@yandex.ru;2024-09-25
CREATE;zsokolov@hotmail.com;2024-09-27
DELETE;ggromova@yandex.ru;2024-10-01
CREATE;sofon38@hotmail.com;2024-09-28
CREATE;shubinrodion@gmail.com;2024-09-29
UPDATE;bazhen91@yahoo.com;2024-10-01
DELETE;baranovaninel@yandex.ru;2024-09-24
READ;tamara_32@rambler.ru;2024-09-30
DELETE;foma_2014@mail.ru;2024-09-27
CREATE;spanfilov@hotmail.com;2024-09-27
UPDATE;vasili_62@yahoo.com;2024-09-29
CREATE;dementi_59@yahoo.com;2024-09-27
UPDATE;iraida1977@yandex.ru;2024-09-30
CREATE;borisovljubim@gmail.com;2024-09-23
READ;shirjaevvarlaam@rambler.ru;2024-09-30
DELETE;fkulagin@mail.ru;2024-09-29
CREATE;natan2016@rambler.ru;2024-10-01
DELETE;ggromova@yandex.ru;2024-09-27
READ;klavdi89@gmail.com;2024-09-25
UPDATE;nadezhda14@gmail.com;2024-09-24
READ;borisovljubim@gmail.com;2024-10-01
CREATE;lukjan_2008@yahoo.com;2024-09-24
UPDATE;natanfrolov@mail.ru;2024-09-25
DELETE;lora2011@gmail.com;2024-09-24
DELETE;vjacheslav_25@mail.ru;2024-10-01
DELETE;ivanpoljakov@mail.ru;2024-09-25
CREATE;gennadimolchanov@yandex.ru;2024-10-01
CREATE;jakubsokolov@mail.ru;2024-09-27
DELETE;fedor61@gmail.com;2024-10-01
CREATE;galkinandre@gmail.com;2024-09-27
CREATE;dementi_59@yahoo.com;2024-09-25
UPDATE;filipp_2003@mail.ru;2024-09-29
UPDATE;bazhen91@yahoo.com;2024-09-24
DELETE;borisovljubim@gmail.com;2024-09-27
UPDATE;natan2016@rambler.ru;2024-09-26
DELETE;evseevsofron@gmail.com;2024-09-28
READ;efimovatamara@hotmail.com;2024-09-27
CREATE;ilja2009@rambler.ru;2024-09-27
DELETE;gorbunovasvetlana@yahoo.com;2024-09-29
UPDATE;qkonovalova@rambler.ru;2024-09-25
UPDATE;baranovaninel@yandex.ru;2024-10-01
UPDATE;mechislav1993@rambler.ru;2024-10-01
CREATE;maksim_07@rambler.ru;2024-09-29
READ;galkinandre@gmail.com;2024-09-24
CREATE;klavdi89@gmail.com;2024-09-29
CREATE;vatslav_63@hotmail.com;2024-09-27
UPDATE;avtonom_82@gmail.com;2024-09-28
READ;radislav_2018@yandex.ru;2024-09-27
UPDATE;iosif_11@hotmail.com;2024-09-29
READ;natan2016@rambler.ru;2024-09-28
CREATE;fedor61@gmail.com;2024-10-01
READ;ttitov@gmail.com;2024-09-26
UPDATE;foma_2014@mail.ru;2024-09-27
CREATE;idmitriev@rambler.ru;2024-09-29
CREATE;iraida1977@yandex.ru;2024-09-27
CREATE;shubinrodion@gmail.com;2024-09-25
DELETE;ilja2009@rambler.ru;2024-09-29
DELETE;natanfrolov@mail.ru;2024-09-28
READ;gennadi1972@gmail.com;2024-09-28
UPDATE;bazhen91@yahoo.com;2024-10-01
READ;ermola_1974@yahoo.com;2024-09-23
DELETE;gpestova@yandex.ru;2024-09-27
UPDATE;qkonovalova@rambler.ru;2024-10-01
READ;kolobovjakub@rambler.ru;2024-09-27
UPDATE;averki_50@hotmail.com;2024-09-25
DELETE;vladlen1979@rambler.ru;2024-09-26
READ;kovalevagap@yahoo.com;2024-09-29
UPDATE;nazarkovalev@mail.ru;2024-09-28
UPDATE;radislav_2018@yandex.ru;2024-09-27
DELETE;avtonom_82@gmail.com;2024-09-29
UPDATE;stepanovaveronika@mail.ru;2024-09-30
CREATE;agafon_1980@rambler.ru;2024-09-29
UPDATE;suhanovgavrila@mail.ru;2024-09-23
CREATE;kolobovjakub@rambler.ru;2024-10-01
READ;kiselevvsemil@gmail.com;2024-09-28
DELETE;foma_2014@mail.ru;2024-09-30
CREATE;mechislav1993@rambler.ru;2024-09-29
DELETE;jaroslavagafonov@rambler.ru;2024-09-25
CREATE;gavrila2023@yahoo.com;2024-09-28
CREATE;vjacheslav_25@mail.ru;2024-09-30
CREATE;shirjaevvarlaam@rambler.ru;2024-09-29
CREATE;avde1974@rambler.ru;2024-09-24
UPDATE;anzhelika63@yandex.ru;2024-09-26
CREATE;vatslav_63@hotmail.com;2024-09-26
READ;foma_2014@mail.ru;2024-10-01
DELETE;regina_1981@yandex.ru;2024-09-27
CREATE;belozerovnikifor@mail.ru;2024-09-27
CREATE;npanfilova@mail.ru;2024-09-24
CREATE;marfa_07@mail.ru;2024-10-01
UPDATE;mechislav1993@rambler.ru;2024-09-25
CREATE;suhanovgavrila@mail.ru;2024-09-28
UPDATE;vlasovljubim@yandex.ru;2024-09-23
CREATE;demid_13@hotmail.com;2024-09-23
READ;frolovavasilisa@hotmail.com;2024-09-28
READ;kir_48@gmail.com;2024-09-28
READ;spanfilov@hotmail.com;2024-09-30
DELETE;kovalevagap@yahoo.com;2024-10-01
UPDATE;klavdi89@gmail.com;2024-09-29
UPDATE;lora2011@gmail.com;2024-09-25
READ;natan2016@rambler.ru;2024-09-29
UPDATE;vjacheslav_25@mail.ru;2024-09-25
READ;gorbunovasvetlana@yahoo.com;2024-09-27
CREATE;avde1974@rambler.ru;2024-09-24
CREATE;stepanovaveronika@mail.ru;2024-09-23
UPDATE;gpestova@yandex.ru;2024-09-24
DELETE;belozerovnikifor@mail.ru;2024-09-28
READ;natan2016@rambler.ru;2024-09-26
READ;vladlen1979@rambler.ru;2024-09-23
CREATE;nestor2003@yahoo.com;2024-09-27
DELETE;kulakovapraskovja@rambler.ru;2024-09-23
READ;makarovjakub@mail.ru;2024-09-30
READ;sofon38@hotmail.com;2024-09-29
READ;mechislav1993@rambler.ru;2024-09-27
UPDATE;baranovaninel@yandex.ru;2024-09-30
UPDATE;gorbunovasvetlana@yahoo.com;2024-09-23
READ;stepanovaveronika@mail.ru;2024-09-28
READ;nazarkovalev@mail.ru;2024-09-29
READ;kozlovustin@gmail.com;2024-09-30
UPDATE;avde1974@rambler.ru;2024-09-24
READ;valeri50@yandex.ru;2024-09-26
DELETE;shirjaevvarlaam@rambler.ru;2024-10-01
READ;gavrila2023@yahoo.com;2024-09-25
UPDATE;qbobilev@mail.ru;2024-09-28
READ;shirjaevvarlaam@rambler.ru;2024-09-24
DELETE;gennadimolchanov@yandex.ru;2024-09-24
READ;spanfilov@hotmail.com;2024-10-01
READ;vasili_62@yahoo.com;2024-10-01
CREATE;smirnovradislav@rambler.ru;2024-10-01
READ;spanfilov@hotmail.com;2024-09-30
READ;marfa_07@mail.ru;2024-09-30
UPDATE;zsokolov@hotmail.com;2024-09-29
READ;vjacheslav_25@mail.ru;2024-09-29
DELETE;makarovjakub@mail.ru;2024-09-24
CREATE;gennadimolchanov@yandex.ru;2024-09-26
DELETE;mechislav1993@rambler.ru;2024-09-25
UPDATE;sergeevgalaktion@yandex.ru;2024-09-28
DELETE;natanfrolov@mail.ru;2024-09-29
UPDATE;kiselevvsemil@gmail.com;2024-09-27
DELETE;ivanpoljakov@mail.ru;2024-09-27
READ;emiheeva@rambler.ru;2024-09-28
READ;frolovavasilisa@hotmail.com;2024-09-23
READ;ggromova@yandex.ru;2024-09-28
CREATE;stepanovaveronika@mail.ru;2024-09-29
DELETE;svjatopolkkrjukov@yandex.ru;2024-09-30
